corpus,arch,replicate,cell,input,loss,weight_decay,layer_decay,pool,epochs,epochs_run,macro_map,micro_map,macro_f1s,top_1_rec,top_3_rec,top_5_rec,normalization,checkpoint
amass_clean,medium_100ep,seed1,in_p__loss_p,p,p,,0.5,attentive,100,47,0.3647247850894928,0.5473549365997314,0.29323384165763855,0.2839833199977875,0.5282458662986755,0.6407478451728821,pretrain_v1_stats_train_clean.pt,runs/pretrain/amass_clean/medium_100ep/seed1/in_p__loss_p/lightning_logs/version_0/checkpoints/epoch=94-step=10925.ckpt
amass_clean,medium_100ep,seed1,in_p__loss_pk,p,pk,,0.5,attentive,100,40,0.3818039894104004,0.5697311758995056,0.28894221782684326,0.2896003723144531,0.5442946553230286,0.66201251745224,pretrain_v1_stats_train_clean.pt,runs/pretrain/amass_clean/medium_100ep/seed1/in_p__loss_pk/lightning_logs/version_0/checkpoints/epoch=99-step=11500.ckpt
amass_clean,medium_100ep,seed1,in_p__loss_pkd,p,pkd,,0.5,attentive,100,38,0.37261372804641724,0.5610913634300232,0.3054181933403015,0.28671160340309143,0.5385171175003052,0.6534264087677002,pretrain_v1_stats_train_clean.pt,runs/pretrain/amass_clean/medium_100ep/seed1/in_p__loss_pkd/lightning_logs/version_0/checkpoints/epoch=99-step=11500.ckpt
amass_clean,medium_100ep,seed1,in_pk__loss_p,pk,p,,0.5,attentive,100,45,0.3773491084575653,0.5618526935577393,0.2910187840461731,0.28558817505836487,0.5346654057502747,0.6554325222969055,pretrain_v1_stats_train_clean.pt,runs/pretrain/amass_clean/medium_100ep/seed1/in_pk__loss_p/lightning_logs/version_0/checkpoints/epoch=94-step=10925.ckpt
amass_clean,medium_100ep,seed1,in_pk__loss_pk,pk,pk,,0.5,attentive,100,38,0.39310839772224426,0.5808923244476318,0.30280542373657227,0.2904028296470642,0.5532819628715515,0.6722837686538696,pretrain_v1_stats_train_clean.pt,runs/pretrain/amass_clean/medium_100ep/seed1/in_pk__loss_pk/lightning_logs/version_0/checkpoints/epoch=99-step=11500.ckpt
amass_clean,medium_100ep,seed1,in_pk__loss_pkd,pk,pkd,,0.5,attentive,100,42,0.39457231760025024,0.5649925470352173,0.34090110659599304,0.2883967161178589,0.5471834540367126,0.6615310311317444,pretrain_v1_stats_train_clean.pt,runs/pretrain/amass_clean/medium_100ep/seed1/in_pk__loss_pkd/lightning_logs/version_0/checkpoints/epoch=99-step=11500.ckpt
amass_clean,medium_100ep,seed1,in_pkd__loss_p,pkd,p,,0.5,attentive,100,52,0.37735214829444885,0.5566897988319397,0.32545655965805054,0.28358209133148193,0.5339431762695312,0.6500561833381653,pretrain_v1_stats_train_clean.pt,runs/pretrain/amass_clean/medium_100ep/seed1/in_pkd__loss_p/lightning_logs/version_0/checkpoints/epoch=99-step=11500.ckpt
amass_clean,medium_100ep,seed1,in_pkd__loss_pk,pkd,pk,,0.5,attentive,100,40,0.3952520191669464,0.5754324793815613,0.32376548647880554,0.2904028296470642,0.5526400208473206,0.6692344546318054,pretrain_v1_stats_train_clean.pt,runs/pretrain/amass_clean/medium_100ep/seed1/in_pkd__loss_pk/lightning_logs/version_0/checkpoints/epoch=99-step=11500.ckpt
amass_clean,medium_100ep,seed1,in_pkd__loss_pkd,pkd,pkd,,0.5,attentive,100,40,0.39598360657691956,0.5798969864845276,0.3175213038921356,0.28919917345046997,0.5536832213401794,0.6723639965057373,pretrain_v1_stats_train_clean.pt,runs/pretrain/amass_clean/medium_100ep/seed1/in_pkd__loss_pkd/lightning_logs/version_0/checkpoints/epoch=99-step=11500.ckpt
amass_clean,medium_100ep_jepa,seed1,in_p,p,,,0.5,attentive,100,43,0.32705503702163696,0.5118004083633423,0.2518666982650757,0.26969990134239197,0.5038517117500305,0.6141871213912964,pretrain_v1_stats_train_clean.pt,runs/pretrain/amass_clean/medium_100ep_jepa/seed1/in_p/lightning_logs/version_0/checkpoints/epoch=94-step=10925.ckpt
amass_clean,medium_100ep_jepa,seed1,in_pk,pk,,,0.5,attentive,100,73,0.33551982045173645,0.516039252281189,0.30136018991470337,0.2701011002063751,0.5064997673034668,0.6222115159034729,pretrain_v1_stats_train_clean.pt,runs/pretrain/amass_clean/medium_100ep_jepa/seed1/in_pk/lightning_logs/version_0/checkpoints/epoch=29-step=3450.ckpt
amass_clean,medium_100ep_jepa,seed1,in_pkd,pkd,,,0.5,attentive,100,49,0.3678988516330719,0.5554864406585693,0.3043133616447449,0.28245866298675537,0.5329802632331848,0.6462044715881348,pretrain_v1_stats_train_clean.pt,runs/pretrain/amass_clean/medium_100ep_jepa/seed1/in_pkd/lightning_logs/version_0/checkpoints/epoch=29-step=3450.ckpt
amass_clean,medium_100ep_simmim,seed1,in_p__loss_p,p,p,,0.5,attentive,100,58,0.3474530577659607,0.5375423431396484,0.2809089422225952,0.27756378054618835,0.527122437953949,0.6321617960929871,pretrain_v1_stats_train_clean.pt,runs/pretrain/amass_clean/medium_100ep_simmim/seed1/in_p__loss_p/lightning_logs/version_0/checkpoints/epoch=94-step=10925.ckpt
amass_clean,medium_100ep_simmim,seed1,in_p__loss_pk,p,pk,,0.5,attentive,100,54,0.3689485192298889,0.5467337965965271,0.3235841393470764,0.2790081799030304,0.5305729508399963,0.6451612710952759,pretrain_v1_stats_train_clean.pt,runs/pretrain/amass_clean/medium_100ep_simmim/seed1/in_p__loss_pk/lightning_logs/version_0/checkpoints/epoch=99-step=11500.ckpt
amass_clean,medium_100ep_simmim,seed1,in_p__loss_pkd,p,pkd,,0.5,attentive,100,46,0.36199861764907837,0.5463904738426208,0.2961927652359009,0.28197720646858215,0.5316160917282104,0.6440379023551941,pretrain_v1_stats_train_clean.pt,runs/pretrain/amass_clean/medium_100ep_simmim/seed1/in_p__loss_pkd/lightning_logs/version_0/checkpoints/epoch=99-step=11500.ckpt
amass_clean,medium_100ep_simmim,seed1,in_pk__loss_p,pk,p,,0.5,attentive,100,58,0.3455798029899597,0.5280123949050903,0.2692396938800812,0.2747552692890167,0.5149253606796265,0.6311988234519958,pretrain_v1_stats_train_clean.pt,runs/pretrain/amass_clean/medium_100ep_simmim/seed1/in_pk__loss_p/lightning_logs/version_0/checkpoints/epoch=94-step=10925.ckpt
amass_clean,medium_100ep_simmim,seed1,in_pk__loss_pk,pk,pk,,0.5,attentive,100,53,0.3835088312625885,0.5585136413574219,0.33565181493759155,0.2860696613788605,0.5357887744903564,0.6505376100540161,pretrain_v1_stats_train_clean.pt,runs/pretrain/amass_clean/medium_100ep_simmim/seed1/in_pk__loss_pk/lightning_logs/version_0/checkpoints/epoch=99-step=11500.ckpt
amass_clean,medium_100ep_simmim,seed1,in_pk__loss_pkd,pk,pkd,,0.5,attentive,100,45,0.37099504470825195,0.5461453199386597,0.326344758272171,0.2839030623435974,0.5315358638763428,0.6458032131195068,pretrain_v1_stats_train_clean.pt,runs/pretrain/amass_clean/medium_100ep_simmim/seed1/in_pk__loss_pkd/lightning_logs/version_0/checkpoints/epoch=99-step=11500.ckpt
amass_clean,medium_100ep_simmim,seed1,in_pkd__loss_p,pkd,p,,0.5,attentive,100,63,0.34090322256088257,0.5308737754821777,0.29382914304733276,0.27282941341400146,0.5227892994880676,0.6308778524398804,pretrain_v1_stats_train_clean.pt,runs/pretrain/amass_clean/medium_100ep_simmim/seed1/in_pkd__loss_p/lightning_logs/version_0/checkpoints/epoch=94-step=10925.ckpt
amass_clean,medium_100ep_simmim,seed1,in_pkd__loss_pk,pkd,pk,,0.5,attentive,100,61,0.36590638756752014,0.5486481785774231,0.32670509815216064,0.2816562354564667,0.5292890667915344,0.6474883556365967,pretrain_v1_stats_train_clean.pt,runs/pretrain/amass_clean/medium_100ep_simmim/seed1/in_pkd__loss_pk/lightning_logs/version_0/checkpoints/epoch=99-step=11500.ckpt
amass_clean,medium_100ep_simmim,seed1,in_pkd__loss_pkd,pkd,pkd,,0.5,attentive,100,47,0.3727858364582062,0.5547263622283936,0.30233627557754517,0.2839030623435974,0.5329802632331848,0.64805006980896,pretrain_v1_stats_train_clean.pt,runs/pretrain/amass_clean/medium_100ep_simmim/seed1/in_pkd__loss_pkd/lightning_logs/version_0/checkpoints/epoch=99-step=11500.ckpt
amass_smpl,medium_100ep,seed1,in_p__loss_p,p,p,,0.5,attentive,100,37,0.3621933162212372,0.54063880443573,0.2896544337272644,0.2817646563053131,0.525629997253418,0.6378728747367859,pretrain_paired_v1_train_clean.pt,runs/pretrain/amass_smpl/medium_100ep/seed1/lightning_logs/version_0/checkpoints/epoch=99-step=13600.ckpt
amass_smpl,medium_100ep_jepa,seed1,in_p,p,,,0.5,attentive,100,44,0.32992517948150635,0.5062296390533447,0.27861106395721436,0.2645016312599182,0.49546927213668823,0.6137310862541199,pretrain_paired_v1_train_clean.pt,runs/pretrain/amass_smpl/medium_100ep_jepa/seed1/lightning_logs/version_0/checkpoints/epoch=94-step=12920.ckpt
amass_smpl,medium_100ep_simmim,seed1,in_p__loss_p,p,p,,0.5,attentive,100,60,0.3580420911312103,0.5181020498275757,0.33177900314331055,0.2701898217201233,0.5121370553970337,0.6212712526321411,pretrain_paired_v1_train_clean.pt,runs/pretrain/amass_smpl/medium_100ep_simmim/seed1/lightning_logs/version_0/checkpoints/epoch=99-step=13600.ckpt
